,precision,recall,f1-score,support
0,0.9768637532133676,0.979381443298969,0.9781209781209781,776.0
1,1.0,1.0,1.0,776.0
2,1.0,1.0,1.0,776.0
3,0.979328165374677,0.9768041237113402,0.9780645161290323,776.0
accuracy,0.9890463917525774,0.9890463917525774,0.9890463917525774,0.9890463917525774
macro avg,0.9890479796470111,0.9890463917525774,0.9890463735625026,3104.0
weighted avg,0.9890479796470112,0.9890463917525774,0.9890463735625027,3104.0
