,precision,recall,f1-score,support
0,0.9895561357702349,0.9768041237113402,0.9831387808041503,776.0
1,0.9987129987129987,1.0,0.9993560849967803,776.0
2,1.0,1.0,1.0,776.0
3,0.978343949044586,0.9896907216494846,0.9839846252402307,776.0
accuracy,0.9916237113402062,0.9916237113402062,0.9916237113402062,0.9916237113402062
macro avg,0.991653270881955,0.9916237113402062,0.9916198727602903,3104.0
weighted avg,0.9916532708819549,0.9916237113402062,0.9916198727602904,3104.0
