,precision,recall,f1-score,support
0,0.9620826259196378,0.9345794392523364,0.9481316229782487,9095.0
1,0.9644957525593553,0.9737218251786696,0.9690868304426329,9095.0
2,0.9608329736728528,0.9791094007696537,0.9698850950280454,9095.0
accuracy,0.9624702217335532,0.9624702217335532,0.9624702217335532,0.9624702217335532
macro avg,0.962470450717282,0.9624702217335533,0.9623678494829756,27285.0
weighted avg,0.962470450717282,0.9624702217335532,0.9623678494829757,27285.0
