,precision,recall,f1-score,support
0,0.6494983277591974,0.6405717427157779,0.6450041516745086,9095.0
1,0.6501587301587302,0.6755360087960418,0.6626044755998922,9095.0
2,0.9166384658770446,0.8934579439252337,0.9048997772828508,9095.0
accuracy,0.7365218984790177,0.7365218984790177,0.7365218984790177,0.7365218984790177
macro avg,0.7387651745983241,0.7365218984790177,0.737502801519084,27285.0
weighted avg,0.738765174598324,0.7365218984790177,0.7375028015190839,27285.0
