,precision,recall,f1-score,support
0,0.733716267475886,0.7443650357339198,0.7390022923261654,9095.0
1,0.7655045449315384,0.731500824628917,0.7481164961205443,9095.0
2,0.9426710793210206,0.9708631115997801,0.9565594193478496,9095.0
accuracy,0.815576323987539,0.815576323987539,0.815576323987539,0.815576323987539
macro avg,0.8139639639094817,0.815576323987539,0.8145594025981865,27285.0
weighted avg,0.8139639639094818,0.815576323987539,0.8145594025981865,27285.0
