,precision,recall,f1-score,support
0,0.9719752391671356,0.9495327102803738,0.9606229143492768,9095.0
1,0.9716590364072378,0.9800989554700384,0.9758607477147079,9095.0
2,0.9636895729460221,0.9775700934579439,0.9705802085039027,9095.0
accuracy,0.9690672530694521,0.9690672530694521,0.9690672530694521,0.9690672530694521
macro avg,0.9691079495067986,0.9690672530694521,0.9690212901892958,27285.0
weighted avg,0.9691079495067983,0.9690672530694521,0.9690212901892957,27285.0
