,precision,recall,f1-score,support
0,0.9719752391671356,0.9495327102803738,0.9606229143492768,9095.0
1,0.9726191774844551,0.9803188565145684,0.9764538385718979,9095.0
2,0.9635004873822159,0.9781198460692688,0.9707551287647315,9095.0
accuracy,0.9693238042880704,0.9693238042880704,0.9693238042880704,0.9693238042880704
macro avg,0.9693649680112689,0.9693238042880704,0.9692772938953021,27285.0
weighted avg,0.9693649680112689,0.9693238042880704,0.9692772938953021,27285.0
