,precision,recall,f1-score,support
0,0.7358511220580186,0.7390874106652007,0.7374657158529896,9095.0
1,0.7668895549919299,0.731390874106652,0.7487196803421691,9095.0
2,0.935415787252005,0.9746014293567894,0.9546066447687255,9095.0
accuracy,0.815026571376214,0.815026571376214,0.815026571376214,0.815026571376214
macro avg,0.8127188214339846,0.815026571376214,0.8135973469879615,27285.0
weighted avg,0.8127188214339846,0.815026571376214,0.8135973469879615,27285.0
